cfpb_issue_label,quality_category,manufacturing_demo_category,predicted_category,urgency,likely_root_cause,containment_action,corrective_action,customer_response
Attempts to collect debt not owed,Account or record error,Lot / traceability / record error,Account or record error,Critical,"The complaint suggests that a fraudulent account has been opened in the consumer's name without their knowledge or consent. This indicates a potential identity theft issue, which requires immediate attention to prevent further damage to the consumer's credit report.",Immediately investigate the validity of the reported account and place a hold on any collection activities related to this account until the investigation is complete.,Implement stronger verification processes for account openings and ensure that all fraudulent accounts are promptly removed from credit reports in compliance with the Fair Credit Reporting Act.,"Dear [Customer],

Thank you for bringing this matter to our attention. We take allegations of fraudulent accounts very seriously and are currently investigating the situation regarding the collection account you mentioned. Please be assured that we will take immediate steps to halt any collection activities related to this account while we conduct our review. We appreciate your patience as we work to resolve this issue and will keep you updated on our progress.

If you have any further questions or additional information to share, please do not hesitate to reach out.

Best regards,
[Your Name]
[Your Position]"
Improper use of your report,Documentation or information issue,Mislabeling / documentation error,Documentation or information issue,Critical,"The complaint indicates potential identity theft and unauthorized reporting of accounts, which violates multiple consumer protection laws. The consumer's rights to privacy and accurate reporting have been infringed upon, suggesting systemic issues in the handling of sensitive information. This situation requires immediate attention to prevent further legal repercussions and consumer harm.",Immediately review the consumer's credit report to identify and block any fraudulent accounts. Notify relevant departments to halt any collection activities related to these accounts until the matter is resolved.,Implement a comprehensive review process for credit reporting practices to ensure compliance with consumer protection laws. Provide additional training for staff on identifying and handling cases of identity theft and unauthorized reporting.,"Dear [Customer], thank you for bringing this serious matter to our attention. We understand the urgency of your concerns regarding the fraudulent accounts reported under your name. Please be assured that we are taking immediate steps to investigate and address these issues in accordance with applicable laws. We will provide you with the requested documentation and updates on our findings as soon as possible. Your privacy and rights as a consumer are of utmost importance to us, and we appreciate your patience as we work to resolve this matter."
Written notification about debt,Customer service issue,Customer handling issue,Customer service issue,Medium,"The customer appears to have experienced a lack of effective communication and support from the service provider regarding their debt situation. Additionally, the mention of being a scam victim indicates potential issues with the reliability of the services offered.",Reach out to the customer to acknowledge their concerns and provide immediate assistance in addressing their debt issues.,"Implement a review of customer service protocols to ensure that clients receive clear, accurate information and support regarding their debt disputes and collection processes.","Dear Customer, we sincerely apologize for the difficulties you have faced regarding your debt and the unfortunate experience with a scam. We are committed to assisting you in resolving your concerns and will provide you with the necessary support to address your credit history disputes. Please allow us some time to investigate this matter further, and we will be in touch with you shortly to discuss the next steps. Thank you for your patience and understanding."
Problem with a company's investigation into an existing problem,Process delay issue,Process control / service delay,Process delay issue,High,"The complaint indicates a failure in the verification process of the debt, which may stem from inadequate internal procedures for handling disputes. Additionally, there seems to be a delay in responding to the consumer's requests for documentation, which has exacerbated the issue.",Immediately review the consumer's dispute and gather all relevant documentation to verify the accuracy of the information reported. Communicate with the consumer to acknowledge receipt of their complaint and outline the steps being taken.,Implement a thorough review of the verification processes and ensure that all staff are trained on compliance with FCRA and FDCPA requirements. Establish a timeline for responding to disputes and ensure that all necessary documentation is provided to consumers in a timely manner.,"Dear [Customer],

Thank you for bringing your concerns to our attention. We take such matters seriously and are currently reviewing your complaint regarding the inaccuracies reported on your credit report. We understand the importance of resolving this issue promptly and are committed to providing you with the necessary documentation to verify the debt in question. Please allow us some time to investigate this matter thoroughly, and we will keep you updated on our progress. Your patience is greatly appreciated.

Sincerely,
[Your Name]"
Problem with a company's investigation into an existing problem,Process delay issue,Process control / service delay,Process delay issue,High,"The complaint indicates a failure in the investigation process regarding the reporting of a student loan account. The consumer is disputing the accuracy of the reporting and the lack of proper documentation, suggesting that the process for verifying and updating account information may not have been followed correctly.",Immediately review the consumer's account and halt any further reporting until a thorough investigation can be conducted. Ensure that all relevant documentation is gathered to address the consumer's concerns.,Implement a review of the procedures for handling disputes and verifications to ensure compliance with the Fair Credit Reporting Act. Training for staff on proper documentation and investigation protocols should be conducted to prevent recurrence.,"Dear [Customer],

Thank you for bringing your concerns to our attention. We take your dispute regarding the reporting of your student loan account very seriously and are currently reviewing the information you provided. We are committed to ensuring that all reporting is accurate and compliant with applicable laws. Please allow us some time to conduct a thorough investigation, and we will provide you with written confirmation of our findings along with any supporting documentation. We appreciate your patience in this matter.

Sincerely,
[Your Company Name]"
Attempts to collect debt not owed,Account or record error,Lot / traceability / record error,Account or record error,High,"The complaint indicates a potential breach of privacy laws related to debt collection practices. It appears that the consumer's personal information was shared without their consent, which is a violation of the Fair Debt Collection Practices Act.",Immediately review the account in question to halt any further communication with third parties regarding this debt until the issue is resolved.,Implement training for staff on compliance with the Fair Debt Collection Practices Act and establish stricter protocols for handling consumer information to prevent unauthorized disclosures.,"Dear Customer, we sincerely apologize for the distress caused by the unauthorized sharing of your personal information. We take your concerns seriously and are currently investigating this matter to ensure compliance with all applicable laws. Please rest assured that we are taking immediate steps to prevent any further unauthorized communication. Your privacy is important to us, and we appreciate your patience as we work to resolve this issue."
Incorrect information on your report,Documentation or information issue,Mislabeling / documentation error,Documentation or information issue,Medium,The incorrect information on the consumer's credit report suggests a failure in the data entry or verification process. This may have resulted from either outdated records or a lack of proper communication regarding updates.,Immediately review the consumer's request and verify the accuracy of the information on file. Temporarily suspend any reporting of the incorrect information until the issue is resolved.,Implement a more robust verification process for personal information updates to ensure accuracy before data is reported. Regular audits of consumer information should be conducted to prevent similar issues in the future.,"Dear Customer, thank you for bringing this matter to our attention. We understand the importance of having accurate information on your credit report and are currently reviewing your request for updates. Please allow us some time to investigate this issue thoroughly. We will keep you informed of our progress and ensure that any necessary corrections are made promptly. Your satisfaction is our priority, and we appreciate your patience in this matter."
Problem with a company's investigation into an existing problem,Process delay issue,Process control / service delay,Process delay issue,High,"The complaint indicates a failure in the verification process as mandated by the Fair Credit Reporting Act. The credit reporting agency has not provided the necessary details regarding the verification of the disputed account, which may suggest a lack of proper investigation protocols.",Immediately review the complaint and gather all documentation related to the verification process for the disputed account to ensure compliance with the Fair Credit Reporting Act.,Implement a review of the verification procedures to ensure that all requests for method of verification are handled promptly and in accordance with legal requirements. Training staff on compliance with the Fair Credit Reporting Act may also be necessary.,"Dear Customer, thank you for bringing your concerns to our attention. We take your complaint seriously and are currently reviewing the details of your case, including the verification process for your disputed account. We understand the importance of compliance with the Fair Credit Reporting Act and are committed to addressing this matter promptly. We will provide you with the necessary information regarding the verification process as soon as possible. Thank you for your patience as we work to resolve this issue."
False statements or representation,Documentation or information issue,Mislabeling / documentation error,Documentation or information issue,High,The errors and inconsistencies in the account documentation suggest a failure in data management processes. This may stem from inadequate verification procedures or a lack of proper updates following account closure and payment.,Review the account in question immediately to correct any inaccuracies and prevent further reporting of misleading information.,Implement a comprehensive review of the documentation processes to ensure all account statuses are accurately reflected and that all fields are completed correctly. Regular audits should be conducted to maintain compliance with reporting standards.,"Dear Customer, thank you for bringing this matter to our attention. We understand the importance of accurate account information and are currently reviewing the discrepancies you have highlighted. Please rest assured that we are taking immediate steps to correct any inaccuracies and will ensure that our processes are improved to prevent similar issues in the future. We appreciate your patience as we work to resolve this matter."
Attempts to collect debt not owed,Account or record error,Lot / traceability / record error,Account or record error,High,"The complaint indicates that there may be an error in the account records, possibly due to identity theft. The inability of representatives to provide information suggests a lack of proper documentation or verification processes in place.",Immediately cease all collection activities related to the disputed account and review the attached identity theft report for further verification.,Implement a thorough review process for accounts flagged with identity theft claims and enhance training for representatives on handling such cases to ensure accurate information is provided.,"Dear Customer, thank you for bringing this matter to our attention. We take your concerns seriously, especially regarding the identity theft report you provided. We have halted all collection activities related to your account while we investigate this issue further. Our team will reach out to you shortly with updates and to ensure that your rights are protected. Thank you for your patience as we work to resolve this matter."
